Commit,Caller-Callee,Control Dependency,Data Flow Dependency,Pattern Replication
https://github.com/torvalds/linux/commit/e6838a29ecb484c97e4efef9429643b9851fba6e,1,,,
https://github.com/torvalds/linux/commit/79462ad02e861803b3840cc782248c7359451cd9,,,1,1
https://github.com/torvalds/linux/commit/6d104af38b570d37aa32a5803b04c354f8ed513d,,,1,1
https://github.com/torvalds/linux/commit/3151527ee007b73a0ebd296010f1c0454a919c7d,1,,,
https://github.com/torvalds/linux/commit/f2fcfcd670257236ebf2088bbdf26f6a8ef459fe,1,1,1,
https://github.com/torvalds/linux/commit/ce0030c00f95cf9110d9cdcd41e901e1fb814417,,,1,
https://github.com/torvalds/linux/commit/086ba77a6db00ed858ff07451bedee197df868c9,,,,1
https://github.com/torvalds/linux/commit/0926f91083f34d047abc74f1ca4fa6a9c161f7db,,,,1
https://github.com/torvalds/linux/commit/6f442be2fb22be02cafa606f1769fa1e6f894441,,,1,
https://github.com/torvalds/linux/commit/9a5467bf7b6e9e02ec9c3da4e23747c05faeaac6,,,,1
https://github.com/torvalds/linux/commit/92117d8443bc5afacc8d5ba82e541946310f106e,1,1,,
https://github.com/torvalds/linux/commit/635682a14427d241bab7bbdeebb48a7d7b91638e,,1,1,
https://github.com/torvalds/linux/commit/dd7633ecd553a5e304d349aa6f8eb8a0417098c5,1,,,1
https://github.com/torvalds/linux/commit/410dd3cf4c9b36f27ed4542ee18b1af5e68645a4,1,1,,1
https://github.com/torvalds/linux/commit/055e547478a11a6360c7ce05e2afc3e366968a12,,,,1
https://github.com/torvalds/linux/commit/05692d7005a364add85c6e25a6c4447ce08f913a,,1,1,
https://github.com/torvalds/linux/commit/8700af2cc18c919b2a83e74e0479038fd113c15d,,,,1
https://github.com/torvalds/linux/commit/ea2bc483ff5caada7c4aa0d5fbf87d3a6590273d,1,1,,
https://github.com/torvalds/linux/commit/d974baa398f34393db76be45f7d4d04fbdbb4a0a,,,1,
https://github.com/torvalds/linux/commit/67d7d8ad99be,,,,1
https://github.com/torvalds/linux/commit/104c307147ad379617472dd91a5bcb368d72bd6d,,,,1
https://github.com/torvalds/linux/commit/d0cb50185ae942b03c4327be322055d622dc79f6,1,,1,
https://github.com/torvalds/linux/commit/af3ff8045bbf3e32f1a448542e73abb4c8ceb6f1,,,,
https://github.com/torvalds/linux/commit/8e2d61e0aed2b7c4ecb35844fe07e0b2b762dee4,1,1,,
https://github.com/torvalds/linux/commit/b9a532277938798b53178d5a66af6e2915cb27cf,,1,,1
https://github.com/torvalds/linux/commit/401e7e88d4ef80188ffa07095ac00456f901b8c4,,,1,1
https://github.com/torvalds/linux/commit/77751427a1ff25b27d47a4c36b12c3c8667855ac,1,,,
https://github.com/torvalds/linux/commit/05ab8f2647e4221cbdb3856dd7d32bd5407316b3,,1,,1
https://github.com/torvalds/linux/commit/fa3d315a4ce2c0891cdde262562e710d95fba19e,,,,
https://github.com/torvalds/linux/commit/9e2dcf72023d1447f09c47d77c99b0c49659e5ce,,,,
https://github.com/torvalds/linux/commit/d049f74f2dbe71354d43d393ac3a188947811348,,,1,
https://github.com/torvalds/linux/commit/b71812168571fa55e44cdd0254471331b9c4c4c6,,,,
https://github.com/torvalds/linux/commit/c4c07b4d6fa1f11880eab8e076d3d060ef3f55fc,,,1,
https://github.com/torvalds/linux/commit/a399b29dfbaaaf91162b2dc5a5875dd51bbfa2a1,,,,
https://github.com/torvalds/linux/commit/802f43594d6e4d2ac61086d239153c17873a0428,1,,,
https://github.com/torvalds/linux/commit/3e4c56d41eef5595035872a2ec5a483f42e8917f,1,,,
https://github.com/torvalds/linux/commit/e9c6a182649f4259db704ae15a91ac820e63b0ca,1,,,
https://github.com/torvalds/linux/commit/d2b9d2a5ad5ef04ff978c9923d19730cb05efd55,1,,,
https://github.com/torvalds/linux/commit/13fcb7bd322164c67926ffe272846d4860196dc6,,,,1
https://github.com/torvalds/linux/commit/b69040d8e39f20d5215a03502a8e8b4c6ab78395,1,,,
https://github.com/torvalds/linux/commit/9c52057c698fb96f8f07e7a4bcf4801a092bda89,1,,1,
https://github.com/torvalds/linux/commit/9566d6742852c527bf5af38af5cbb878dad75705,,,1,
https://github.com/torvalds/linux/commit/704620afc70cf47abb9d6a1a57f3825d2bca49cf,,,,1
https://github.com/torvalds/linux/commit/54d5ca871e72f2bb172ec9323497f01cd5091ec7,1,,,
https://github.com/torvalds/linux/commit/979d63d50c0c0f7bc537bf821e056cc9fe5abd38,1,,1,1
https://github.com/torvalds/linux/commit/d3bd7413e0ca40b60cf60d4003246d067cafdeda,1,,1,1
https://github.com/torvalds/linux/commit/6acb47d1a318e5b3b7115354ebc4ea060c59d3a1,,,,1
https://github.com/torvalds/linux/commit/bceaa90240b6019ed73b49965eac7d167610be69,,1,,1
https://github.com/torvalds/linux/commit/cc9b17ad29ecaa20bfe426a8d4dbfb94b13ff1cc#diff-5392588cacfabd7f874c48efeff46b84f9583f9d38bb723838f0bd3b84be7e7bR1626,,,1,
https://github.com/torvalds/linux/commit/667eff35a1f56fa74ce98a0c7c29a40adc1ba4e3,,1,1,1
https://github.com/torvalds/linux/commit/aba8d056078e47350d85b06a9cabd5afcc4b72ea,,,1,
https://github.com/torvalds/linux/commit/6ef36ab967c71690ebe7e5ef997a8be4da3bc844,,,,
https://github.com/torvalds/linux/commit/1e3921471354244f70fe268586ff94a97a6dd4df,,,1,1
https://github.com/torvalds/linux/commit/9e3f7a29694049edd728e2400ab57ad7553e5aa9,,1,,1
https://github.com/torvalds/linux/commit/58ccd2d31e502c37e108b285bf3d343eb00c235b,,,,1
https://github.com/torvalds/linux/commit/6caabe7f197d3466d238f70915d65301f1716626,1,1,,
https://github.com/torvalds/linux/commit/2b04e8f6bbb196cab4b232af0f8d48ff2c7a8058,,1,1,
https://github.com/torvalds/linux/commit/3a8b0677fc6180a467e26cc32ce6b0c09a32f9bb,,,,
https://github.com/torvalds/linux/commit/d76c68109f37cb85b243a1cf0f40313afd2bae68,1,,,
https://github.com/torvalds/linux/commit/28f5a8a7c033cbf3e32277f4cc9c6afd74f05300,,,,
https://github.com/torvalds/linux/commit/6ea8d958a2c95a1d514015d4e29ba21a8c0a1a91,,,1,
https://github.com/torvalds/linux/commit/0558f33c06bb910e2879e355192227a8e8f0219d,1,1,1,
https://github.com/torvalds/linux/commit/237bbd29f7a049d310d907f4b2716a7feef9abf3,,,1,1
https://github.com/torvalds/linux/commit/d8ba61ba58c88d5207c1ba2f7d9a2280e7d03be9,,,,
https://github.com/torvalds/linux/commit/318aaf34f1179b39fa9c30fa0f3288b645beee39,1,,1,1
https://github.com/torvalds/linux/commit/727ba748e110b4de50d142edca9d6a9b7e6111d8,,,,1
https://github.com/torvalds/linux/commit/fdf82a7856b32d905c39afc85e34364491e46346,1,,,
https://github.com/torvalds/linux/commit/5800dc5c19f34e6e03b5adab1282535cb102fafd,,,,1
https://github.com/torvalds/linux/commit/29ec90660d68bbdd69507c1c8b4e33aa299278b1,,1,,1
https://github.com/torvalds/linux/commit/33ab91103b3415e12457e3104f0e4517ce12d0f3,,1,,
https://github.com/torvalds/linux/commit/c4e490cf148e85ead0d1b1c2caaba833f1d5b29f,,,1,
https://github.com/torvalds/linux/commit/6d104af38b570d37aa32a5803b04c354f8ed513d,,1,1,1
https://github.com/torvalds/linux/commit/05a974efa4bdf6e2a150e3f27dc6fcf0a9ad5655,,,1,1
https://github.com/torvalds/linux/commit/e1d35d4dc7f089e6c9c080d556feedf9c706f0c7,,,1,
https://github.com/torvalds/linux/commit/4c03b862b12f980456f9de92db6d508a4999b788,,,1,
https://github.com/torvalds/linux/commit/c9f838d104fed6f2f61d68164712e3204bf5271b,,,,
https://github.com/torvalds/linux/commit/6399f1fae4ec29fab5ec76070435555e256ca3a6,,,1,
https://github.com/torvalds/linux/commit/a4866aa812518ed1a37d8ea0c881dc946409de94,1,1,1,
https://github.com/torvalds/linux/commit/13bf9fbff0e5e099e2b6f003a0ab8ae145436309,,,,1
https://github.com/torvalds/linux/commit/83eaddab4378db256d00d295bda6ca997cd13a52,,,,1
https://github.com/torvalds/linux/commit/6265539776a0810b7ce6398c27866ddb9c6bd154,,,1,
https://github.com/torvalds/linux/commit/95d78c28b5a85bacbc29b8dba7c04babb9b0d467,,,1,
https://github.com/torvalds/linux/commit/1137b5e2529a8f5ca8ee709288ecba3e68044df2,1,,1,
https://github.com/torvalds/linux/commit/af3ff8045bbf3e32f1a448542e73abb4c8ceb6f1,1,,,
https://github.com/torvalds/linux/commit/4dca6ea1d9432052afb06baf2e3ae78188a4410b,1,1,1,
https://github.com/torvalds/linux/commit/99253eb750fda6a644d5188fb26c43bad8d5a745,,,,1
https://github.com/torvalds/linux/commit/0926f91083f34d047abc74f1ca4fa6a9c161f7db,,,,1
https://github.com/torvalds/linux/commit/979d63d50c0c0f7bc537bf821e056cc9fe5abd38,1,1,1,1
https://github.com/torvalds/linux/commit/d3bd7413e0ca40b60cf60d4003246d067cafdeda,1,1,1,1
https://github.com/torvalds/linux/commit/7caac62ed598a196d6ddf8d9c121e12e082cac3a,,1,,
https://github.com/torvalds/linux/commit/ceabee6c59943bdd5e1da1a6a20dc7ee5f8113a2,,1,,
https://github.com/torvalds/linux/commit/7d0a06586b2686ba80c4a2da5f91cb10ffbea736,,,,
https://github.com/torvalds/linux/commit/6acb47d1a318e5b3b7115354ebc4ea060c59d3a1,,,,1
https://github.com/torvalds/linux/commit/c09581a52765a85f19fc35340127396d5e3379cc,,,1,1
https://github.com/torvalds/linux/commit/7fafcfdf6377b18b2a726ea554d6e593ba44349f,1,,,
https://github.com/torvalds/linux/commit/704620afc70cf47abb9d6a1a57f3825d2bca49cf,,1,,
https://github.com/torvalds/linux/commit/f3554aeb991214cbfafd17d55e2bfddb50282e32,,,,
https://github.com/torvalds/linux/commit/afca6c5b2595fc44383919fba740c194b0b76aff,1,,,1
https://github.com/torvalds/linux/commit/2da424b0773cea3db47e1e81db71eeebde8269d4,1,1,,
https://github.com/torvalds/linux/commit/c40f7d74c741a907cfaeb73a7697081881c497d0,1,,1,
https://github.com/torvalds/linux/commit/de9f869616dd95e95c00bdd6b0fcd3421e8a4323,1,1,1,1
https://github.com/torvalds/linux/commit/55f0fc7a02de8f12757f4937143d8d5091b2e40b,,,,1
https://github.com/torvalds/linux/commit/58bdd544e2933a21a51eecf17c3f5f94038261b5,,,1,1
https://github.com/torvalds/linux/commit/f2e5ddcc0d12f9c4c7b254358ad245c9dddce13b,,,1,
https://github.com/torvalds/linux/commit/c4c07b4d6fa1f11880eab8e076d3d060ef3f55fc,,,,
https://github.com/torvalds/linux/commit/592acbf16821288ecdc4192c47e3774a4c48bb64,,,1,1
https://github.com/torvalds/linux/commit/23fcb3340d033d9f081e21e6c12c2db7eaa541d3,1,1,,1
https://github.com/torvalds/linux/commit/0ad646c81b2182f7fa67ec0c8c825e0ee165696d,1,,,1
https://github.com/torvalds/linux/commit/574823bfab82d9d8fa47f422778043fbb4b4f50e,1,,,
https://github.com/torvalds/linux/commit/401e7e88d4ef80188ffa07095ac00456f901b8c4,,,,1
https://github.com/torvalds/linux/commit/04f5866e41fb70690e28397487d8bd8eea7d712a,1,1,,1
https://github.com/torvalds/linux/commit/6ec82562ffc6f297d0de36d65776cff8e5704867,,,1,
https://github.com/torvalds/linux/commit/15fab63e1e57be9fdb5eec1bbc5916e9825e9acb,,1,,1
https://github.com/torvalds/linux/commit/8fde12ca79aff9b5ba951fce1a2641901b8d8e64,1,,,1
https://github.com/torvalds/linux/commit/77f8269606bf95fcb232ee86f6da80886f1dfae8,,,,
https://github.com/torvalds/linux/commit/b71812168571fa55e44cdd0254471331b9c4c4c6,,,,
https://github.com/torvalds/linux/commit/667121ace9dbafb368618dbabcf07901c962ddac,1,1,1,1
https://github.com/torvalds/linux/commit/1fd819ecb90cc9b822cd84d3056ddba315d3340f,,,1,1
https://github.com/torvalds/linux/commit/cabfb3680f78981d26c078a26e5c748531257ebb,,1,,1
https://github.com/torvalds/linux/commit/cb2595c1393b4a5211534e6f0a0fbad369e21ad8,,,,
https://github.com/torvalds/linux/commit/71105998845fb012937332fe2e806d443c09e026,,,1,
https://github.com/torvalds/linux/commit/1f461dcdd296eecedaffffc6bae2bfa90bd7eb89,,,1,
https://github.com/torvalds/linux/commit/19be0eaffa3ac7d8eb6784ad9bdbc7d67ed8e619,1,,1,
https://github.com/torvalds/linux/commit/e9c243a5a6de0be8e584c604d353412584b592f8,,1,,
https://github.com/torvalds/linux/commit/027ef6c87853b0a9df53175063028edb4950d476,,,,
https://github.com/torvalds/linux/commit/0720a06a7518c9d0c0125bd5d1f3b6264c55c3dd,1,,,
https://github.com/torvalds/linux/commit/fa3d315a4ce2c0891cdde262562e710d95fba19e,,,,
https://github.com/torvalds/linux/commit/6a76f8c0ab19f215af2a3442870eeb5f0e81998d,1,,,1
https://github.com/torvalds/linux/commit/e9c6a182649f4259db704ae15a91ac820e63b0ca,1,,1,
https://github.com/torvalds/linux/commit/fda4e2e85589191b123d31cdc21fd33ee70f50fd,1,1,,1
https://github.com/torvalds/linux/commit/04197b341f23b908193308b8d63d17ff23232598,,,,
https://github.com/torvalds/linux/commit/0f2af21aae11972fa924374ddcf52e88347cf5a8,,1,,
https://github.com/torvalds/linux/commit/2d45a02d0166caf2627fe91897c6ffc3b19514c4,1,,1,1
https://github.com/torvalds/linux/commit/78c9c4dfbf8c04883941445a195276bb4bb92c76,1,,1,
https://github.com/torvalds/linux/commit/d26c25a9d19b5976b319af528886f89cf455692d,1,1,,
https://github.com/torvalds/linux/commit/cef31d9af908243421258f1df35a4a644604efbe,,,,1
https://github.com/torvalds/linux/commit/340d394a789518018f834ff70f7534fc463d3226,,,,1
https://github.com/torvalds/linux/commit/c06cfb08b88dfbe13be44a69ae2fdc3a7c902d81,1,,,1
https://github.com/torvalds/linux/commit/7a9cdebdcc17e426fb5287e4a82db1dfe86339b2,1,,,1
https://github.com/torvalds/linux/commit/251e22abde21833b3d29577e4d8c7aaccd650eee,,,1,
https://github.com/torvalds/linux/commit/23adbe12ef7d3d4195e80800ab36b37bee28cd03,,,1,1
https://github.com/torvalds/linux/commit/2f36db71009304b3f0b95afacd8eba1f9f046b87,,1,,
https://github.com/torvalds/linux/commit/f0fe970df3838c202ef6c07a4c2b36838ef0a88b,1,,,
https://github.com/torvalds/linux/commit/f5364c150aa645b3d7daa21b5c0b9feaa1c9cd6d,,1,,
https://github.com/torvalds/linux/commit/f43f39958beb206b53292801e216d9b8a660f087,,,,1
https://github.com/torvalds/linux/commit/2638fd0f92d4397884fd991d8f4925cb3f081901,,1,,
https://github.com/torvalds/linux/commit/e6838a29ecb484c97e4efef9429643b9851fba6e,1,,,
https://github.com/torvalds/linux/commit/2423496af35d94a87156b063ea5cedffc10a70a1,,1,1,1
https://github.com/torvalds/linux/commit/ef85b67385436ddc1998f45f1d6a210f935b3388,1,,,
https://github.com/torvalds/linux/commit/4c185ce06dca14f5cea192f5a2c981ef50663f2b,,,1,
https://github.com/torvalds/linux/commit/57ebd808a97d7c5b1e1afb937c2db22beba3c1f8,,,,1
https://github.com/torvalds/linux/commit/ae6650163c66a7eff1acd6eb8b0f752dcfa8eba5,1,,,
https://github.com/torvalds/linux/commit/f7068114d45ec55996b9040e98111afa56e010fe,,,1,
https://github.com/torvalds/linux/commit/1e38da300e1e395a15048b0af1e5305bd91402f6,1,,,
https://github.com/torvalds/linux/commit/ecaaab5649781c5a0effdaf298a925063020500e,,,,1
https://github.com/torvalds/linux/commit/99d825822eade8d827a1817357cbf3f889a552d6,,1,1,
https://github.com/torvalds/linux/commit/096fe9eaea40a17e125569f9e657e34cdb6d73bd,,,1,
https://github.com/torvalds/linux/commit/af6fc858a35b90e89ea7a7ee58e66628c55c776b,1,,1,
https://github.com/torvalds/linux/commit/350b8bdd689cd2ab2c67c8a86a0be86cfa0751a7,1,,,
https://github.com/torvalds/linux/commit/6b8d9117ccb4f81b1244aafa7bc70ef8fa45fc49,,,,1
https://github.com/torvalds/linux/commit/8c7188b23474cca017b3ef354c4a58456f68303a,,,,
https://github.com/torvalds/linux/commit/8b8addf891de8a00e4d39fc32f93f7c5eb8feceb,1,,,
https://github.com/torvalds/linux/commit/687cb0884a714ff484d038e9190edc874edcf146,,1,,
https://github.com/torvalds/linux/commit/635682a14427d241bab7bbdeebb48a7d7b91638e,,,1,1
https://github.com/torvalds/linux/commit/008ba2a13f2d04c947adc536d19debb8fe66f110,,1,1,
https://github.com/torvalds/linux/commit/129a72a0d3c8e139a04512325384fe5ac119e74d,1,,,
https://github.com/torvalds/linux/commit/8b74d439e1697110c5e5c600643e823eb1dd0762,,,,1
https://github.com/torvalds/linux/commit/20e2b791796bd68816fa115f12be5320de2b8021,,,,1
https://github.com/torvalds/linux/commit/3e0097499839e0fe3af380410eababe5a47c4cf9,,,,
https://github.com/torvalds/linux/commit/a70b52ec1aaeaf60f4739edb1b422827cb6f3893,1,,,1
https://github.com/torvalds/linux/commit/70feee0e1ef331b22cc51f383d532a0d043fbdcc,,,1,
https://github.com/torvalds/linux/commit/84ac7260236a49c79eede91617700174c2c19b0c,,,1,
https://github.com/torvalds/linux/commit/dad48e73127ba10279ea33e6dbc8d3905c4d31c0,1,,,
https://github.com/torvalds/linux/commit/93362fa47fe98b62e4a34ab408c4a418432e7939,,1,,
https://github.com/torvalds/linux/commit/384632e67e0829deb8015ee6ad916b180049d252,,1,,
https://github.com/torvalds/linux/commit/0048b4837affd153897ed1222283492070027aa9,1,,,1
https://github.com/torvalds/linux/commit/27463ad99f738ed93c7c8b3e2e5bc8c4853a2ff2,,,1,
https://github.com/torvalds/linux/commit/3e4c56d41eef5595035872a2ec5a483f42e8917f,1,,1,
https://github.com/torvalds/linux/commit/d4fdf8ba0e5808ba9ad6b44337783bd9935e0982,,,,
https://github.com/torvalds/linux/commit/197e7e521384a23b9e585178f3f11c9fa08274b9,,,1,
https://github.com/torvalds/linux/commit/94f1bb15bed84ad6c893916b7e7b9db6f1d7eec6,1,,,
https://github.com/torvalds/linux/commit/fc27fe7e8deef2f37cba3f2be2d52b6ca5eb9d57,1,,,
https://github.com/torvalds/linux/commit/c131187db2d3fa2f8bf32fdf4e9a4ef805168467,1,,1,1
https://github.com/torvalds/linux/commit/8f659a03a0ba9289b9aeb9b4470e6fb263d6f483,,1,1,1
https://github.com/torvalds/linux/commit/638164a2718f337ea224b747cf5977ef143166a4,,,,1
https://github.com/torvalds/linux/commit/82939d7999dfc1f1998c4b1c12e2f19edbdff272,,1,,
https://github.com/torvalds/linux/commit/be0726d33cb8f411945884664924bed3cb8c70ee,,1,1,1
https://github.com/torvalds/linux/commit/5649645d725c73df4302428ee4e02c869248b4c5,,,,1
https://github.com/torvalds/linux/commit/250c6c49e3b68756b14983c076183568636e2bde,,,,1
https://github.com/torvalds/linux/commit/f2fcfcd670257236ebf2088bbdf26f6a8ef459fe,1,1,1,1
https://github.com/torvalds/linux/commit/415e3d3e90ce9e18727e8843ae343eda5a58fad6,1,,1,1
https://github.com/torvalds/linux/commit/b69f2292063d2caf37ca9aec7d63ded203701bf3,1,,,
https://github.com/torvalds/linux/commit/c8e252586f8d5de906385d8cf6385fee289a825e,,,,1
https://github.com/torvalds/linux/commit/edbd58be15a957f6a760c4a514cd475217eb97fd,,1,1,
https://github.com/torvalds/linux/commit/814fb7bb7db5433757d76f4c4502c96fc53b0b5e,,,,
https://github.com/torvalds/linux/commit/0c17d1d2c61936401f4702e1846e2c19b200f958,1,,,
https://github.com/torvalds/linux/commit/468f6eafa6c44cb2c5d8aad35e12f06c240a812a,,1,1,1
https://github.com/torvalds/linux/commit/c547dbf55d5f8cf615ccc0e7265e98db27d3fb8b,,,1,
https://github.com/torvalds/linux/commit/f961e3f2acae94b727380c0b74e2d3954d0edf79,,,1,1
https://github.com/torvalds/linux/commit/54d5ca871e72f2bb172ec9323497f01cd5091ec7,1,,,
https://github.com/torvalds/linux/commit/637b58c2887e5e57850865839cc75f59184b23d1,1,,1,
https://github.com/torvalds/linux/commit/32c231164b762dddefa13af5a0101032c70b50ef,,,,1
https://github.com/torvalds/linux/commit/49d31c2f389acfe83417083e1208422b4091cd9e,1,1,1,
https://github.com/torvalds/linux/commit/232cd35d0804cc241eb887bb8d4d9b3b9881c64a,,1,1,
https://github.com/torvalds/linux/commit/712f4aad406bb1ed67f3f98d04c044191f0ff593,1,1,1,
https://github.com/torvalds/linux/commit/a2f18db0c68fec96631c10cad9384c196e9008ac,,,1,
https://github.com/torvalds/linux/commit/67f1aee6f45059fd6b0f5b0ecb2c97ad0451f6b3,,,,1
https://github.com/torvalds/linux/commit/ea3d7209ca01da209cda6f0dea8be9cc4b7a933b,1,1,1,1
https://github.com/torvalds/linux/commit/951b6a0717db97ce420547222647bcc40bf1eacd,,1,1,
https://github.com/torvalds/linux/commit/71b3c126e61177eb693423f2e18a1914205b165e,,1,,
https://github.com/torvalds/linux/commit/759c01142a5d0f364a462346168a56de28a80f52,1,,,
https://github.com/torvalds/linux/commit/42cb14b110a5698ccf26ce59c4441722605a3743,,,1,
https://github.com/torvalds/linux/commit/54d83fc74aa9ec72794373cb47432c5f7fb1a309,1,1,1,1
https://github.com/mjg59/linux/commit/a4a5ed2835e8ea042868b7401dced3f517cafa76,,,,
https://github.com/torvalds/linux/commit/45f6fad84cc305103b28d73482b344d7f5b76f39,1,,1,1
https://github.com/torvalds/linux/commit/e6bd18f57aad1a2d1ef40e646d03ed0f2515c9e3,1,,,1
https://github.com/torvalds/linux/commit/5ec0811d30378ae104f250bfc9b3640242d81e3f,,,1,
https://github.com/torvalds/linux/commit/ce683e5f9d045e5d67d1312a42b359cb2ab2a13c,1,,,1
https://github.com/torvalds/linux/commit/6e94e0cfb0887e4013b3b930fa6ab1fe6bb6ba91,,,,1
https://github.com/torvalds/linux/commit/75ff39ccc1bd5d3c455b6822ab09e533c551f758,,,1,
https://github.com/FFmpeg/FFmpeg/commit/fe448cd28d674c3eff3072552eae366d0b659ce9,,,1,1
https://github.com/FFmpeg/FFmpeg/commit/f31011e9abfb2ae75bb32bc44e2c34194c8dc40a,,1,1,
https://github.com/FFmpeg/FFmpeg/commit/b05cd1ea7e45a836f7f6071a716c38bb30326e0f,,,1,
https://github.com/FFmpeg/FFmpeg/commit/9a271a9368eaabf99e6c2046103acb33957e63b7,,,,
https://github.com/FFmpeg/FFmpeg/commit/912ce9dd2080c5837285a471d750fa311e09b555,,,1,
https://github.com/FFmpeg/FFmpeg/commit/837cb4325b712ff1aab531bf41668933f61d75d2,1,1,1,1
https://github.com/FFmpeg/FFmpeg/commit/900f39692ca0337a98a7cf047e4e2611071810c2,,1,,
https://github.com/FFmpeg/FFmpeg/commit/7ec414892ddcad88313848494b6fc5f437c9ca4a,,,1,
https://github.com/FFmpeg/FFmpeg/commit/ffcc82219cef0928bed2d558b19ef6ea35634130,1,1,1,
https://github.com/FFmpeg/FFmpeg/commit/ba4beaf6149f7241c8bd85fe853318c2f6837ad0,,1,1,
https://github.com/FFmpeg/FFmpeg/commit/6b5d3fb26fb4be48e4966e4b1d97c2165538d4ef,,,,
https://github.com/FFmpeg/FFmpeg/commit/cb243972b121b1ae6b60a78ff55a0506c69f3879,,1,1,
https://github.com/FFmpeg/FFmpeg/commit/2080bc33717955a0e4268e738acf8c1eeddbf8cb,,1,1,
https://github.com/FFmpeg/FFmpeg/commit/e477f09d0b3619f3d29173b2cd593e17e2d1978e,,1,,
https://github.com/FFmpeg/FFmpeg/commit/a5d25faa3f4b18dac737fdb35d0dd68eb0dc2156,,1,1,
https://github.com/FFmpeg/FFmpeg/commit/2a05c8f813de6f2278827734bf8102291e7484aa,,1,1,
https://github.com/FFmpeg/FFmpeg/commit/cced03dd667a5df6df8fd40d8de0bff477ee02e8,,1,,
https://github.com/FFmpeg/FFmpeg/commit/bd27a9364ca274ca97f1df6d984e88a0700fb235,,,1,
https://github.com/FFmpeg/FFmpeg/commit/2aa9047486dbff12d9e040f917e5f799ed2fd78b,,,1,
https://github.com/FFmpeg/FFmpeg/commit/b3332a182f8ba33a34542e4a0370f38b914ccf7d,,,,
https://github.com/FFmpeg/FFmpeg/commit/ed188f6dcdf0935c939ed813cf8745d50742014b,,,1,
https://github.com/FFmpeg/FFmpeg/commit/54655623a82632e7624714d7b2a3e039dc5faa7e,,,,
https://github.com/FFmpeg/FFmpeg/commit/189ff4219644532bdfa7bab28dfedaee4d6d4021,,,1,
https://github.com/ImageMagick/ImageMagick/commit/76401e172ea3a55182be2b8e2aca4d07270f6da6,,,,1
https://github.com/ImageMagick/ImageMagick/commit/5511ef530576ed18fd636baa3bb4eda3d667665d,,1,,1
https://github.com/ImageMagick/ImageMagick/commit/726812fa2fa7ce16bcf58f6e115f65427a1c0950,,,,1
https://github.com/ImageMagick/ImageMagick/commit/ef8f40689ac452398026c07da41656a7c87e4683,,1,,1
https://github.com/ImageMagick/ImageMagick/commit/b8c63b156bf26b52e710b1a0643c846a6cd01e56,,,1,1
https://github.com/ImageMagick/ImageMagick/commit/8598a497e2d1f556a34458cf54b40ba40674734c,,,,1
https://github.com/ImageMagick/ImageMagick/commit/437a35e57db5ec078f4a3ccbf71f941276e88430,,,1,
https://github.com/ImageMagick/ImageMagick/commit/aa84944b405acebbeefe871d0f64969b9e9f31ac,,,,1
https://github.com/ImageMagick/ImageMagick/commit/1cc6f0ccc92c20c7cab6c4a7335daf29c91f0d8e,,,,1
https://github.com/ImageMagick/ImageMagick/commit/3d5ac8c20846871f1eb3068b65f93da7cd33bfd0,,,,1
https://github.com/ImageMagick/ImageMagick/commit/db1ffb6cf44bcfe5c4d5fcf9d9109ded5617387f,,1,1,1
https://github.com/ImageMagick/ImageMagick/commit/6233ef75bb973745ab1092b59aea8fe316f09074,,,1,
https://github.com/ImageMagick/ImageMagick/commit/73a2bad43d157acfe360595feee739b4cc4406cb,,,,1
https://github.com/ImageMagick/ImageMagick/commit/9eedb5660f1704cde8e8cd784c5c2a09dd2fd60f,,,,1
https://github.com/ImageMagick/ImageMagick/commit/948356eec65aea91995d4b7cc487d197d2c5f602,,,,1
https://github.com/ImageMagick/ImageMagick/commit/8ca35831e91c3db8c6d281d09b605001003bec08,,,1,1
https://github.com/ImageMagick/ImageMagick/commit/7fdf9ea808caa3c81a0eb42656e5fafc59084198,1,1,1,1
https://github.com/ImageMagick/ImageMagick/commit/f5910e91b0778e03ded45b9022be8eb8f77942cd,,1,,
https://github.com/ImageMagick/ImageMagick/commit/65f75a32a93ae4044c528a987a68366ecd4b46b9,,,1,
https://github.com/ImageMagick/ImageMagick/commit/d4ec73f866a7c42a2e7f301fcd696e5cb7a7d3ab,,,,1
https://github.com/ImageMagick/ImageMagick/commit/4493d9ca1124564da17f9b628ef9d0f1a6be9738,,1,1,
https://github.com/ImageMagick/ImageMagick/commit/aeff00de228bc5a158c2a975ab47845d8a1db456,,,,1
https://github.com/ImageMagick/ImageMagick/commit/0474237508f39c4f783208123431815f1ededb76,1,1,1,1
https://github.com/ImageMagick/ImageMagick/commit/f8877abac8e568b2f339cca70c2c3c1b6eaec288,,1,1,1
https://github.com/ImageMagick/ImageMagick/commit/4e914bbe371433f0590cefdf3bd5f3a5710069f9,,,1,
https://github.com/ImageMagick/ImageMagick/commit/933e96f01a8c889c7bf5ffd30020e86a02a046e7,,1,1,
https://github.com/ImageMagick/ImageMagick/commit/58cf5bf4fade82e3b510e8f3463a967278a3e410,,,1,
https://github.com/ImageMagick/ImageMagick/commit/58d9c46929ca0828edde34d263700c3a5fe8dc3c,,,,1
https://github.com/ImageMagick/ImageMagick/commit/07eebcd72f45c8fd7563d3f9ec5d2bed48f65f36,,,,1
https://github.com/ImageMagick/ImageMagick/commit/21eae25a8db5fdcd112dbcfcd9e5c37e32d32e2f,,,,1
https://github.com/ImageMagick/ImageMagick/commit/450bd716ed3b9186dd10f9e60f630a3d9eeea2a4,1,,,
https://github.com/ImageMagick/ImageMagick/commit/78f82d9d1c2944725a279acd573a22168dc6e22a,,,1,
https://github.com/ImageMagick/ImageMagick/commit/6b4aff0f117b978502ee5bcd6e753c17aec5a961,,,,1
https://github.com/ImageMagick/ImageMagick/commit/8ea44b48a182dd46d018f4b4f09a5e2ee9638105,,1,,
https://github.com/ImageMagick/ImageMagick/commit/8f8959033e4e59418d6506b345829af1f7a71127,,1,1,
https://github.com/ImageMagick/ImageMagick/commit/280215b9936d145dd5ee91403738ccce1333cab1,1,1,,
https://github.com/ImageMagick/ImageMagick/commit/d9b2209a69ee90d8df81fb124eb66f593eb9f599,,1,1,
https://github.com/ImageMagick/ImageMagick/commit/46e3aabbf8d59a1bdebdbb65acb9b9e0484577d3,,,,1
https://github.com/ImageMagick/ImageMagick/commit/aecd0ada163a4d6c769cec178955d5f3e9316f2f,,1,1,1
https://github.com/ImageMagick/ImageMagick/commit/fc43974d34318c834fbf78570ca1a3764ed8c7d7,,,,1
https://github.com/ImageMagick/ImageMagick/commit/d8ab7f046587f2e9f734b687ba7e6e10147c294b,,1,1,1
https://github.com/ImageMagick/ImageMagick/commit/1e6a3ace073c9ec9c71e439c111d23c6e66cb6ae,,,,1
https://github.com/ImageMagick/ImageMagick/commit/306c1f0fa5754ca78efd16ab752f0e981d4f6b82,,,,1
https://github.com/ImageMagick/ImageMagick/commit/73fb0aac5b958521e1511e179ecc0ad49f70ebaf,,1,1,
https://github.com/ImageMagick/ImageMagick/commit/fc6080f1321fd21e86ef916195cc110b05d9effb,,,,
https://github.com/ImageMagick/ImageMagick/commit/b61d35eaccc0a7ddeff8a1c3abfcd0a43ccf210b,,,,1
https://github.com/ImageMagick/ImageMagick/commit/6e48aa92ff4e6e95424300ecd52a9ea453c19c60,,1,1,
https://github.com/ImageMagick/ImageMagick/commit/a0108a892f9ea3c2bb1e7a49b7d71376c2ecbff7,1,,1,
https://github.com/ImageMagick/ImageMagick/commit/4e81ce8b07219c69a9aeccb0f7f7b927ca6db74c,1,,,
https://github.com/ImageMagick/ImageMagick/commit/424d40ebfcde48bb872eba75179d3d73704fdf1f,,,,1
https://github.com/ImageMagick/ImageMagick/commit/430403b0029b37decf216d57f810899cab2317dd,,,,
https://github.com/ImageMagick/ImageMagick/commit/c4e63ad30bc42da691f2b5f82a24516dd6b4dc70,,,1,
https://github.com/ImageMagick/ImageMagick/commit/14e606db148d6ebcaae20f1e1d6d71903ca4a556,,,1,
https://github.com/ImageMagick/ImageMagick/commit/2ad6d33493750a28a5a655d319a8e0b16c392de1,,,1,
https://github.com/ImageMagick/ImageMagick/commit/a54fe0e8600eaf3dc6fe717d3c0398001507f723,1,,,
https://github.com/ImageMagick/ImageMagick/commit/b8f17d08b7418204bf8a05a5c24e87b2fc395b75,,1,,
https://github.com/ImageMagick/ImageMagick/commit/bd96074b254c6607a0f7731e59f923ad19d5a46d,,1,,
https://github.com/ImageMagick/ImageMagick/commit/97aa7d7cfd2027f6ba7ce42caf8b798541b9cdc6,,1,,
https://github.com/ImageMagick/ImageMagick/commit/7b1cf5784b5bcd85aa9293ecf56769f68c037231,,1,1,
https://github.com/ImageMagick/ImageMagick/commit/0f6fc2d5bf8f500820c3dbcf0d23ee14f2d9f734,,1,1,
https://github.com/ImageMagick/ImageMagick/commit/d7325bac173492b358417a0ad49fabad44447d52,1,1,1,1
https://github.com/ImageMagick/ImageMagick/commit/edc7d3035883ddca8413e4fe7689aa2e579ef04a,,,,1
https://github.com/ImageMagick/ImageMagick/commit/fe3066122ef72c82415811d25e9e3fad622c0a99,,,,
https://github.com/ImageMagick/ImageMagick/commit/f595a1985233c399a05c0c37cc41de16a90dd025,,,,1
https://github.com/ImageMagick/ImageMagick/commit/d5089971bd792311aaab5cb73460326d7ef7f32d,,,1,
https://github.com/ImageMagick/ImageMagick/commit/c78993d138bf480ab4652b5a48379d4ff75ba5f7,,1,,
https://github.com/ImageMagick/ImageMagick/commit/f7206618d27c2e69d977abf40e3035a33e5f6be0,,1,,
https://github.com/ImageMagick/ImageMagick/commit/db0add932fb850d762b02604ca3053b7d7ab6deb,,1,,
https://github.com/ImageMagick/ImageMagick/commit/afa878a689870c28b6994ecf3bb8dbfb2b76d135,,,,1
https://github.com/ImageMagick/ImageMagick/commit/6b6bff054d569a77973f2140c0e86366e6168a6c,,1,,1
https://github.com/ImageMagick/ImageMagick/commit/256825d4eb33dc301496710d15cf5a7ae924088b,,,,1
https://github.com/ImageMagick/ImageMagick/commit/76efa969342568841ecf320b5a041685a6d24e0b,,1,,1
https://github.com/ImageMagick/ImageMagick/commit/216d117f05bff87b9dc4db55a1b1fadb38bcb786,,,,1
github.com/netty/netty/commit/b0fa4d5aab4215f3c22ce6123dd8dd5f38dc0432,,,1,
github.com/netty/netty/commit/c735357bf29d07856ad171c6611a2e1a0e0000ec,1,,,1
github.com/pgjdbc/pgjdbc/commit/739e599d52ad80f8dcd6efedc6157859b1a9d637,,,1,
github.com/indeedeng/util/commit/c0952a9db51a880e9544d9fac2a2218a6bfc9c63,1,,1,
github.com/rweather/noise-java/commit/18e86b6f8bea7326934109aa9ffa705ebf4bde90,,,,1
github.com/intranda/goobi-viewer-core/commit/c29efe60e745a94d03debc17681c4950f3917455,1,,,
github.com/FasterXML/jackson-dataformats-binary/commit/de072d314af8f5f269c8abec6930652af67bc8e6,1,,1,
github.com/plantuml/plantuml/commit/fbe7fa3b25b4c887d83927cffb1009ec6cb8ab1e,1,,,
github.com/hazelcast/hazelcast/commit/4d6b666cd0291abd618c3b95cdbb51aa4208e748,1,,1,
github.com/keycloak/keycloak/commit/44000caaf5051d7f218d1ad79573bd3d175cad0d,1,,,
github.com/keycloak/keycloak/commit/a1cfe6e24e5b34792699a00b8b4a8016a5929e3a,1,1,1,
github.com/apache/ofbiz-framework/commit/2f5b8d33e32c4d9a48243cf9e503236acd5aec5c,1,,,
github.com/gocd/gocd/commit/c22e0428164af25d3e91baabd3f538a41cadc82f,1,1,,1
github.com/gocd/gocd/commit/f5c1d2aa9ab302a97898a6e4b16218e64fe8e9e4,1,,,1
github.com/gocd/gocd/commit/6fa9fb7a7c91e760f1adc2593acdd50f2d78676b,1,,1,1
github.com/OpenOLAT/OpenOLAT/commit/5668a41ab3f1753102a89757be013487544279d5,1,1,1,1
github.com/dhis2/dhis2-core/commit/3b245d04a58b78f0dc9bae8559f36ee4ca36dfac,1,,1,1
github.com/x-stream/xstream/commit/e8e88621ba1c85ac3b8620337dd672e0c0c3a846,1,,,1
github.com/opencast/opencast/commit/bbb473f34ab95497d6c432c81285efb0c739f317,,,1,
github.com/opencast/opencast/commit/b157e1fb3b35991ca7bf59f0730329fbe7ce82e8,,1,,
github.com/hyperledger/besu/commit/06e35a58c07a30c0fbdc0aae45a3e8b06b53c022,1,,,
github.com/classgraph/classgraph/commit/681362ad6b0b9d9abaffb2e07099ce54d7a41fa3,1,,,
github.com/theonedev/onedev/commit/4440f0c57e440488d7e653417b2547eaae8ad19c,1,,,
github.com/theonedev/onedev/commit/0c060153fb97c0288a1917efdb17cc426934dacb,1,,,
github.com/theonedev/onedev/commit/f1e97688e4e19d6de1dfa1d00e04655209d39f8e,,,1,1
github.com/theonedev/onedev/commit/0052047a5b5095ac6a6b4a73a522d0272fec3a22,1,,1,1
github.com/xwiki/xwiki-platform/commit/bb7068bd911f91e5511f3cfb03276c7ac81100bc,1,,1,
github.com/xwiki/xwiki-platform/commit/7ab0fe7b96809c7a3881454147598d46a1c9bbbe,1,,1,
github.com/xwiki/xwiki-platform/commit/ab778254fb8f71c774e1c1239368c44fe3b6bba5,1,,1,
github.com/xwiki/xwiki-platform/commit/30c52b01559b8ef5ed1035dac7c34aaf805764d5,1,1,1,1
github.com/xwiki/xwiki-platform/commit/b35ef0edd4f2ff2c974cbeef6b80fcf9b5a44554,1,,1,1
github.com/xwiki/xwiki-platform/commit/38dc1aa1a4435f24d58f5b8e4566cbcb0971f8ff,,,1,
github.com/xwiki/xwiki-platform/commit/71a6d0bb6f8ab718fcfaae0e9b8c16c2d69cd4bb,,,1,1
github.com/xwiki/xwiki-platform/commit/79418dd92ca11941b46987ef881bf50424898ff4,1,,1,1
github.com/xwiki/xwiki-platform/commit/626d2a5dbf95b4e719ae13bf1a0a9c76e4edd5a2,,1,,1
github.com/openkm/document-management-system/commit/ce1d82329615aea6aa9f2cc6508c1fe7891e34b5,,,,
github.com/haraldk/TwelveMonkeys/commit/da4efe98bf09e1cce91b7633cb251958a200fc80,1,,,1
github.com/traccar/traccar/commit/e4f6e74e57ab743b65d49ae00f6624a20ca0291e,1,,,1
github.com/lukashinsch/spring-boot-actuator-logview/commit/760acbb939a8d1f7d1a7dfcd51ca848eea04e772,1,,,
github.com/ManyDesigns/Portofino/commit/8c754a0ad234555e813dcbf9e57d637f9f23d8fb,1,,,1
github.com/pac4j/pac4j/commit/22b82ffd702a132d9f09da60362fc6264fc281ae,1,1,1,
github.com/AuthGuard/AuthGuard/commit/9783b1143da6576028de23e15a1f198b1f937b82,1,1,,1
github.com/line/armeria/commit/e2697a575e9df6692b423e02d731f293c1313284,1,,1,
github.com/nextcloud/news-android/commit/05449cb666059af7de2302df9d5c02997a23df85,,,1,
github.com/openmrs/openmrs-module-htmlformentryui/commit/811990972ea07649ae33c4b56c61c3b520895f07,,,,1
github.com/DSpace/DSpace/commit/277b499a5cd3a4f5eb2370513a1b7e4ec2a6e041,1,,,
github.com/DSpace/DSpace/commit/56e76049185bbd87c994128a9d77735ad7af0199,,1,1,
github.com/DSpace/DSpace/commit/28eb8158210d41168a62ed5f9e044f754513bc37,,,1,
github.com/xjodoin/torpedoquery/commit/3c20b874fba9cc2a78b9ace10208de1602b56c3f,1,,,1
github.com/alkacon/opencms-core/commit/21bfbeaf6b038e2c03bb421ce7f0933dd7a7633e,1,,,
github.com/FasterXML/jackson-databind/commit/d78d00ee7b5245b93103fef3187f70543d67ca33,1,,,1
github.com/jenkinsci/jenkins/commit/a0b00508eeb74d7033dc4100eb382df4e8fa72e7,1,,,
github.com/jenkinsci/jenkins/commit/582128b9ac179a788d43c1478be8a5224dc19710,1,,,
github.com/jenkinsci/jenkins/commit/36342d71e29e0620f803a7470ce96c61761648d8,1,,1,
github.com/spacewalkproject/spacewalk/commit/7b9ff9ad,,,,
github.com/zeroturnaround/zt-zip/commit/759b72f33bc8f4d69f84f09fcb7f010ad45d6fff,,1,,1
github.com/codehaus-plexus/plexus-archiver/commit/54759839fbdf85caf8442076f001d5fd64e0dcb2,,1,,1
github.com/acumos/design-studio/commit/0df8a5e8722188744973168648e4c74c69ce67fd,1,,,1
github.com/apache/cxf/commit/fae6fabf9bd7647f5e9cb68897a7d72b545b741b,,,,
github.com/eclipse-ee4j/mojarra/commit/cefbb9447e7be560e59da2da6bd7cb93776f7741,1,,,1
github.com/linlinjava/litemall/commit/49ab94d0052672d4fb642505d44b94a18abea332,,,,1
github.com/oblac/jodd/commit/9bffc3913aeb8472c11bb543243004b4b4376f16,1,,,
github.com/junrar/junrar/commit/ad8d0ba8e155630da8a1215cee3f253e0af45817,1,1,1,1
github.com/perwendel/spark/commit/030e9d00125cbd1ad759668f85488aba1019c668,1,,,
github.com/xwiki-contrib/oidc/commit/0247af1417925b9734ab106ad7cd934ee870ac89,,1,1,1
github.com/m0ver/bible-online/commit/6ef0aabfb2d4ccd53fcaa9707781303af357410e,,,1,1
github.com/snakeyaml/snakeyaml/commit/fc300780da21f4bb92c148bc90257201220cf174,1,,1,
github.com/socketio/socket.io-client-java/commit/8664499b6f31154f49783531f778dac5387b766b,1,1,1,
github.com/socketio/socket.io-client-java/commit/e8ffe9d1383736f6a21090ab959a2f4fa5a41284,1,,,1
github.com/eclipse/milo/commit/4534381760d7d9f0bf00cbf6a8449bb0d13c6ce5,1,1,1,1
github.com/xwiki/xwiki-commons/commit/947e8921ebd95462d5a7928f397dd1b64f77c7d5,,1,1,
github.com/xwiki/xwiki-commons/commit/8ff1a9d7e5d7b45b690134a537d53dc05cae04ab,1,,,
github.com/xwiki/xwiki-commons/commit/0b8e9c45b7e7457043938f35265b2aa5adc76a68,,,1,
github.com/gocd/gocd-ldap-authentication-plugin/commit/87fa7dac5d899b3960ab48e151881da4793cfcc3,,,1,1
github.com/codenameone/CodenameOne/commit/dad49c9ef26a598619fc48d2697151a02987d478,1,,,1
github.com/AnantLabs/google-enterprise-connector-dctm/commit/6fba04f18ab7764002a1da308e7cd9712b501cb7,1,,,
github.com/fusesource/hawtjni/commit/92c266170ce98edc200c656bd034a237098b8aa5,1,,1,1
github.com/seam2/jboss-seam/commit/090aa6252affc978a96c388e3fc2c1c2688d9bb5,1,,,1
github.com/jenkinsci/subversion-plugin/commit/7d4562d6f7e40de04bbe29577b51c79f07d05ba6,,,1,1
github.com/micromata/projectforge-webapp/commit/422de35e3c3141e418a73bfb39b430d5fd74077e,1,,1,1
github.com/candlepin/candlepin/commit/f4d93230e58b969c506b4c9778e04482a059b08c,,1,,
github.com/evandro-machado/Trabalho-Web2/commit/f59ac954625d0a4f6d34f069a2e26686a7a20aeb,,,1,1
github.com/pytorch/serve/commit/bfb3d42396727614aef625143b4381e64142f9bb,,,,1
github.com/OpenRefine/OpenRefine/commit/2de1439f5be63d9d0e89bbacbd24fa28c8c3e29d,1,,,1
github.com/eclipse-leshan/leshan/commit/4d3e63ac271a817f81fba3e3229c519af7a3049c,1,,1,
github.com/eclipse-jdt/eclipse.jdt.core/commit/38dd2a878f45cdb3d8d52090f1d6d1b532fd4c4d,,,,1
github.com/elastic/elasticsearch/commit/bf3052d14c874aead7da8855c5fcadf5428a43f2,1,,1,1
github.com/j-nowak/workout-organizer/commit/13cd6c3d1210640bfdb39872b2bb3597aa991279,1,1,1,1
github.com/danynab/movify-j/commit/c3085e01936a4d7eff1eda3093f25d56cc4d2ec5,,,,
github.com/ssn2013/cis450Project/commit/39b495011437a105c7670e17e071f99195b4922e,1,,,
github.com/evandro-machado/Trabalho-Web2/commit/f59ac954625d0a4f6d34f069a2e26686a7a20aeb,,,1,1
github.com/candlepin/candlepin/commit/f4d93230e58b969c506b4c9778e04482a059b08c,,1,,
github.com/Bricco/authenticator-plugin/commit/a5456633ff75e8f13705974c7ed1ce77f3f142d5,,1,1,
github.com/jenkinsci/subversion-plugin/commit/7d4562d6f7e40de04bbe29577b51c79f07d05ba6,1,,1,1
github.com/seam2/jboss-seam/commit/090aa6252affc978a96c388e3fc2c1c2688d9bb5,1,,,1
github.com/fusesource/hawtjni/commit/92c266170ce98edc200c656bd034a237098b8aa5,1,1,,
github.com/AnantLabs/google-enterprise-connector-dctm/commit/6fba04f18ab7764002a1da308e7cd9712b501cb7,1,,,
github.com/jmurty/java-xmlbuilder/commit/e6fddca201790abab4f2c274341c0bb8835c3e73,1,,,1
github.com/geotools/geotools/commit/f0c9961dc4d40c5acfce2169fab92805738de5ea,1,,,1
github.com/geotools/geotools/commit/4f70fa3234391dd0cda883a20ab0ec75688cba49,1,,1,1
